trip_id,person_id,household_id,tour_id,primary_purpose,trip_num,outbound,trip_count,purpose,destination,origin,depart,trip_mode
8684833,26478,26478,1085604,eatout,1,True,1,eatout,7,8,11,WALK
8684837,26478,26478,1085604,eatout,1,False,1,Home,8,7,11,WALK
8685009,26478,26478,1085626,othmaint,1,True,1,othmaint,9,8,12,WALK
8685013,26478,26478,1085626,othmaint,1,False,1,Home,8,9,13,WALK
8753057,26686,26686,1094132,eatout,1,True,1,eatout,5,8,19,WALK
8753061,26686,26686,1094132,eatout,1,False,1,Home,8,5,19,WALK
8753233,26686,26686,1094154,othmaint,1,True,1,othmaint,11,8,12,WALK_LOC
8753237,26686,26686,1094154,othmaint,1,False,1,Home,8,11,13,WALK
8805121,26844,26844,1100640,social,1,True,1,social,2,8,8,WALK
8805125,26844,26844,1100640,social,1,False,2,othmaint,5,2,12,WALK
8805126,26844,26844,1100640,social,2,False,2,Home,8,5,12,WALK
9094329,27726,27726,1136791,othdiscr,1,True,1,othdiscr,19,10,8,WALK
9094333,27726,27726,1136791,othdiscr,1,False,1,Home,10,19,10,WALK
9717265,29625,29625,1214658,shopping,1,True,1,shopping,19,17,15,WALK
9717269,29625,29625,1214658,shopping,1,False,1,Home,17,19,15,WALK
35302033,107628,107628,4412754,eatout,1,True,1,eatout,16,6,11,WALK
35302037,107628,107628,4412754,eatout,1,False,1,Home,6,16,20,WALK
36757193,112064,112064,4594649,othdiscr,1,True,1,othdiscr,16,16,12,WALK
36757197,112064,112064,4594649,othdiscr,1,False,1,Home,16,16,14,WALK
36757257,112064,112064,4594657,shopping,1,True,1,shopping,24,16,16,WALK
36757261,112064,112064,4594657,shopping,1,False,1,Home,16,24,17,WALK
86627409,264107,226869,10828426,work,1,True,1,work,9,9,8,WALK
86627413,264107,226869,10828426,work,1,False,1,Home,9,9,18,WALK
86627625,264108,226869,10828453,othdiscr,1,True,1,othdiscr,12,9,10,WALK
86627629,264108,226869,10828453,othdiscr,1,False,1,Home,9,12,11,WALK
86673657,264248,226939,10834207,work,1,True,4,othmaint,10,10,7,WALK
86673658,264248,226939,10834207,work,2,True,4,eatout,6,10,8,WALK
86673659,264248,226939,10834207,work,3,True,4,escort,7,6,8,WALK
86673660,264248,226939,10834207,work,4,True,4,work,8,7,10,WALK
86673661,264248,226939,10834207,work,1,False,1,Home,10,8,22,WALK
106170305,323689,256660,13271288,work,1,True,1,work,21,10,8,WALK
106170309,323689,256660,13271288,work,1,False,1,Home,10,21,20,WALK
106289041,324051,256841,13286130,work,1,True,1,work,2,16,7,WALK
106289045,324051,256841,13286130,work,1,False,1,Home,16,2,14,WALK
106289369,324052,256841,13286171,work,1,True,1,work,13,16,9,WALK
106289373,324052,256841,13286171,work,1,False,1,Home,16,13,18,WALK
106570201,324909,257270,13321275,eatout,1,True,1,eatout,16,16,18,WALK
106570205,324909,257270,13321275,eatout,1,False,1,Home,16,16,19,WALK
106570465,324909,257270,13321308,work,1,True,1,work,2,16,8,WALK
106570469,324909,257270,13321308,work,1,False,1,Home,16,2,18,WALK
106741681,325431,257531,13342710,work,1,True,3,othmaint,5,16,10,WALK
106741682,325431,257531,13342710,work,2,True,3,othmaint,9,5,11,WALK
106741683,325431,257531,13342710,work,3,True,3,work,11,9,11,WALK_LOC
106741685,325431,257531,13342710,work,1,False,3,eatout,5,11,18,WALK_LOC
106741686,325431,257531,13342710,work,2,False,3,shopping,25,5,18,WALK
106741687,325431,257531,13342710,work,3,False,3,Home,16,25,19,WALK
106741961,325432,257531,13342745,shopping,1,True,1,shopping,16,16,12,WALK
106741965,325432,257531,13342745,shopping,1,False,1,Home,16,16,13,WALK
106804593,325623,257627,13350574,univ,1,True,1,univ,13,16,21,WALK
106804597,325623,257627,13350574,univ,1,False,4,escort,9,13,21,WALK_LOC
106804598,325623,257627,13350574,univ,2,False,4,shopping,5,9,23,WALK
106804599,325623,257627,13350574,univ,3,False,4,othdiscr,8,5,23,WALK_LOC
106804600,325623,257627,13350574,univ,4,False,4,Home,16,8,23,WALK_LOC
106804657,325623,257627,13350582,work,1,True,2,othmaint,5,16,15,WALK
106804658,325623,257627,13350582,work,2,True,2,work,6,5,16,WALK
106804661,325623,257627,13350582,work,1,False,1,Home,16,6,20,WALK
106804985,325624,257627,13350623,work,1,True,1,work,15,16,6,WALK
106804989,325624,257627,13350623,work,1,False,1,Home,16,15,17,WALK
126610345,386007,287819,15826293,eatout,1,True,1,eatout,13,9,7,WALK
126610349,386007,287819,15826293,eatout,1,False,1,Home,9,13,12,WALK
126610561,386007,287819,15826320,shopping,1,True,1,shopping,16,9,13,WALK_LRF
126610565,386007,287819,15826320,shopping,1,False,2,shopping,11,16,14,WALK_LOC
126610566,386007,287819,15826320,shopping,2,False,2,Home,9,11,14,WALK_LOC
126610873,386008,287819,15826359,school,1,True,1,school,10,9,7,SHARED2FREE
126610877,386008,287819,15826359,school,1,False,1,Home,9,10,7,WALK
126610889,386008,287819,15826361,shopping,1,True,1,shopping,16,9,10,WALK
126610893,386008,287819,15826361,shopping,1,False,2,shopping,7,16,22,WALK
126610894,386008,287819,15826361,shopping,2,False,2,Home,9,7,22,WALK
126628233,386061,287846,15828529,othmaint,1,True,1,othmaint,5,9,8,WALK
126628237,386061,287846,15828529,othmaint,1,False,1,Home,9,5,16,WALK
126628585,386062,287846,15828573,school,1,True,1,school,13,9,6,WALK_LRF
126628589,386062,287846,15828573,school,1,False,1,Home,9,13,13,WALK_LRF
137248697,418441,304036,17156087,eatout,1,True,1,eatout,15,10,21,DRIVEALONEFREE
137248701,418441,304036,17156087,eatout,1,False,2,shopping,20,15,22,DRIVEALONEFREE
137248702,418441,304036,17156087,eatout,2,False,2,Home,10,20,22,DRIVEALONEFREE
137248721,418441,304036,17156090,escort,1,True,1,escort,9,10,7,WALK
137248725,418441,304036,17156090,escort,1,False,1,Home,10,9,7,WALK
137248961,418441,304036,17156120,work,1,True,1,work,2,10,7,WALK_LRF
137248965,418441,304036,17156120,work,1,False,1,Home,10,2,18,WALK
137249225,418442,304036,17156153,school,1,True,1,school,9,10,7,WALK
137249229,418442,304036,17156153,school,1,False,1,Home,10,9,14,WALK
195385257,595686,370497,24423157,school,1,True,1,school,8,21,8,WALK_LOC
195385261,595686,370497,24423157,school,1,False,1,Home,21,8,16,WALK
211327433,644290,386699,26415929,work,1,True,1,work,12,7,7,WALK
211327437,644290,386699,26415929,work,1,False,1,Home,7,12,17,WALK_LOC
211327497,644291,386699,26415937,eatout,1,True,1,eatout,8,7,21,WALK
211327501,644291,386699,26415937,eatout,1,False,1,Home,7,8,21,WALK
211327761,644291,386699,26415970,work,1,True,1,work,4,7,9,WALK
211327765,644291,386699,26415970,work,1,False,2,shopping,11,4,18,WALK
211327766,644291,386699,26415970,work,2,False,2,Home,7,11,19,WALK
211328025,644292,386699,26416003,school,1,True,1,school,7,7,7,WALK
211328029,644292,386699,26416003,school,1,False,1,Home,7,7,10,WALK
211388201,644476,386761,26423525,escort,1,True,1,escort,17,16,6,WALK
211388205,644476,386761,26423525,escort,1,False,1,Home,16,17,7,WALK
211388353,644476,386761,26423544,othmaint,1,True,1,othmaint,4,16,16,WALK
211388357,644476,386761,26423544,othmaint,1,False,1,Home,16,4,18,WALK
211388393,644476,386761,26423549,shopping,1,True,1,shopping,11,16,19,WALK
211388397,644476,386761,26423549,shopping,1,False,1,Home,16,11,20,WALK
211388441,644476,386761,26423555,work,1,True,1,work,9,16,9,WALK_LOC
211388445,644476,386761,26423555,work,1,False,1,Home,16,9,15,WALK_LOC
211388721,644477,386761,26423590,shopping,1,True,1,shopping,16,16,14,WALK
211388725,644477,386761,26423590,shopping,1,False,1,Home,16,16,15,WALK
211389033,644478,386761,26423629,school,1,True,1,school,7,16,8,WALK
211389037,644478,386761,26423629,school,1,False,1,Home,16,7,15,WALK_LOC
414508737,1263746,566633,51813592,eatout,1,True,1,eatout,9,8,7,WALK
414508741,1263746,566633,51813592,eatout,1,False,1,Home,8,9,14,WALK
415214745,1265898,568785,51901843,othdiscr,1,True,1,othdiscr,24,17,9,WALK
415214749,1265898,568785,51901843,othdiscr,1,False,1,Home,17,24,20,WALK
415556913,1266941,569828,51944614,shopping,1,True,1,shopping,12,21,13,WALK
415556917,1266941,569828,51944614,shopping,1,False,1,Home,21,12,14,WALK
444793569,1356077,658964,55599196,work,1,True,1,work,9,20,8,WALK
444793573,1356077,658964,55599196,work,1,False,1,Home,20,9,17,WALK
444853177,1356259,659146,55606647,othmaint,1,True,1,othmaint,20,21,17,WALK
444853181,1356259,659146,55606647,othmaint,1,False,2,shopping,17,20,17,DRIVEALONEFREE
444853182,1356259,659146,55606647,othmaint,2,False,2,Home,21,17,17,DRIVEALONEFREE
444853265,1356259,659146,55606658,work,1,True,1,work,15,21,8,WALK
444853269,1356259,659146,55606658,work,1,False,1,Home,21,15,17,WALK
444928617,1356489,659376,55616077,othmaint,1,True,1,othmaint,11,21,10,WALK_LOC
444928621,1356489,659376,55616077,othmaint,1,False,1,Home,21,11,12,WALK
467399281,1424997,702283,58424910,shopping,1,True,1,shopping,11,9,11,WALK
467399285,1424997,702283,58424910,shopping,1,False,1,Home,9,11,11,WALK
468119569,1427193,703381,58514946,shopping,1,True,1,shopping,4,25,13,WALK
468119573,1427193,703381,58514946,shopping,1,False,1,Home,25,4,19,WALK
468119857,1427194,703381,58514982,othmaint,1,True,1,othmaint,7,25,7,WALK
468119861,1427194,703381,58514982,othmaint,1,False,1,Home,25,7,13,WALK
468119921,1427194,703381,58514990,social,1,True,2,eatout,24,25,16,WALK
468119922,1427194,703381,58514990,social,2,True,2,social,23,24,19,WALK
468119925,1427194,703381,58514990,social,1,False,3,social,3,23,22,WALK
468119926,1427194,703381,58514990,social,2,False,3,shopping,4,3,22,WALK
468119927,1427194,703381,58514990,social,3,False,3,Home,25,4,22,WALK
484173817,1476139,727854,60521727,othmaint,1,True,1,othmaint,22,7,10,WALK
484173821,1476139,727854,60521727,othmaint,1,False,1,Home,7,22,10,WALK_LOC
484173905,1476139,727854,60521738,work,1,True,1,work,16,7,10,SHARED3FREE
484173909,1476139,727854,60521738,work,1,False,3,escort,5,16,20,WALK_LOC
484173910,1476139,727854,60521738,work,2,False,3,escort,5,5,20,SHARED3FREE
484173911,1476139,727854,60521738,work,3,False,3,Home,7,5,20,WALK_LOC
484174185,1476140,727854,60521773,shopping,1,True,1,shopping,21,7,12,BIKE
484174189,1476140,727854,60521773,shopping,1,False,1,Home,7,21,14,BIKE
515832417,1572659,763879,64479052,shopping,1,True,4,othmaint,9,6,7,WALK
515832418,1572659,763879,64479052,shopping,2,True,4,escort,7,9,12,WALK_LOC
515832419,1572659,763879,64479052,shopping,3,True,4,shopping,6,7,9,WALK
515832420,1572659,763879,64479052,shopping,4,True,4,shopping,11,6,16,WALK
515832421,1572659,763879,64479052,shopping,1,False,1,Home,6,11,20,WALK
515921265,1572930,764150,64490158,othmaint,1,True,2,othmaint,7,9,8,WALK
515921266,1572930,764150,64490158,othmaint,2,True,2,othmaint,5,7,8,WALK
515921269,1572930,764150,64490158,othmaint,1,False,1,Home,9,5,11,WALK
515921305,1572930,764150,64490163,shopping,1,True,1,shopping,11,9,11,WALK
515921309,1572930,764150,64490163,shopping,1,False,1,Home,9,11,16,WALK
535170409,1631617,822837,66896301,atwork,1,True,1,atwork,16,24,13,WALK
535170413,1631617,822837,66896301,atwork,1,False,1,Work,24,16,13,WALK
535170689,1631617,822837,66896336,work,1,True,1,work,24,9,8,WALK_LRF
535170693,1631617,822837,66896336,work,1,False,2,othmaint,13,24,17,WALK
535170694,1631617,822837,66896336,work,2,False,2,Home,9,13,18,WALK_LRF
535377657,1632248,823468,66922207,work,1,True,2,othdiscr,19,11,8,DRIVEALONEFREE
535377658,1632248,823468,66922207,work,2,True,2,work,15,19,8,DRIVEALONEFREE
535377661,1632248,823468,66922207,work,1,False,1,Home,11,15,17,WALK
535388201,1632281,823501,66923525,atwork,1,True,2,work,2,2,13,WALK
535388202,1632281,823501,66923525,atwork,2,True,2,atwork,5,2,13,WALK
535388205,1632281,823501,66923525,atwork,1,False,1,Work,2,5,14,WALK
535388481,1632281,823501,66923560,work,1,True,1,work,2,12,7,WALK_LOC
535388485,1632281,823501,66923560,work,1,False,1,Home,12,2,18,WALK
535620049,1632987,824207,66952506,work,1,True,1,work,4,18,15,WALK
535620053,1632987,824207,66952506,work,1,False,1,Home,18,4,15,WALK
535672921,1633149,824369,66959115,eatout,1,True,1,eatout,5,21,8,WALK
535672925,1633149,824369,66959115,eatout,1,False,1,Home,21,5,14,WALK
535694417,1633214,824434,66961802,othmaint,1,True,1,othmaint,9,22,16,WALK_LOC
535694421,1633214,824434,66961802,othmaint,1,False,1,Home,22,9,19,WALK_LRF
535694457,1633214,824434,66961807,shopping,1,True,1,shopping,23,22,12,WALK_LRF
535694461,1633214,824434,66961807,shopping,1,False,1,Home,22,23,14,WALK
535694465,1633214,824434,66961808,shopping,1,True,2,othmaint,10,22,14,WALK_LOC
535694466,1633214,824434,66961808,shopping,2,True,2,shopping,16,10,14,WALK_LOC
535694469,1633214,824434,66961808,shopping,1,False,1,Home,22,16,15,WALK_LOC
581959169,1774265,932147,72744896,univ,1,True,4,escort,6,7,16,WALK_LOC
581959170,1774265,932147,72744896,univ,2,True,4,eatout,5,6,18,WALK_LOC
581959171,1774265,932147,72744896,univ,3,True,4,escort,1,5,18,WALK_LOC
581959172,1774265,932147,72744896,univ,4,True,4,univ,12,1,16,WALK_LOC
581959173,1774265,932147,72744896,univ,1,False,3,othdiscr,9,12,21,WALK_LOC
581959174,1774265,932147,72744896,univ,2,False,3,shopping,8,9,21,WALK
581959175,1774265,932147,72744896,univ,3,False,3,Home,7,8,21,WALK
581959537,1774266,932147,72744942,social,1,True,1,social,9,7,15,WALK
581959541,1774266,932147,72744942,social,1,False,2,eatout,7,9,18,WALK
581959542,1774266,932147,72744942,social,2,False,2,Home,7,7,18,WALK
581959545,1774266,932147,72744943,social,1,True,1,social,8,7,18,WALK
581959549,1774266,932147,72744943,social,1,False,1,Home,7,8,19,WALK
581959561,1774266,932147,72744945,work,1,True,1,work,14,7,6,WALK
581959565,1774266,932147,72744945,work,1,False,1,Home,7,14,15,WALK
615236801,1875721,982875,76904600,work,1,True,1,work,16,16,10,BIKE
615236805,1875721,982875,76904600,work,1,False,1,Home,16,16,20,BIKE
615236865,1875722,982875,76904608,eatout,1,True,2,escort,12,16,10,WALK
615236866,1875722,982875,76904608,eatout,2,True,2,eatout,4,12,13,WALK
615236869,1875722,982875,76904608,eatout,1,False,1,Home,16,4,17,WALK
615350289,1876067,983048,76918786,work,1,True,1,work,5,17,6,WALK_LRF
615350293,1876067,983048,76918786,work,1,False,1,Home,17,5,15,WALK_LRF
615350553,1876068,983048,76918819,univ,1,True,1,univ,12,17,17,WALK_LOC
615350557,1876068,983048,76918819,univ,1,False,2,escort,9,12,17,WALK_LRF
615350558,1876068,983048,76918819,univ,2,False,2,Home,17,9,17,WALK_LRF
615350617,1876068,983048,76918827,work,1,True,2,escort,13,17,8,SHARED2FREE
615350618,1876068,983048,76918827,work,2,True,2,work,1,13,8,WALK
615350621,1876068,983048,76918827,work,1,False,2,shopping,4,1,13,WALK
615350622,1876068,983048,76918827,work,2,False,2,Home,17,4,14,WALK_LRF
642446345,1958677,1024353,80305793,social,1,True,1,social,7,9,10,WALK
642446349,1958677,1024353,80305793,social,1,False,1,Home,9,7,11,WALK
642446633,1958678,1024353,80305829,school,1,True,1,school,9,9,7,WALK
642446637,1958678,1024353,80305829,school,1,False,1,Home,9,9,17,WALK
708171009,2159057,1099626,88521376,work,1,True,2,work,13,20,8,DRIVEALONEFREE
708171010,2159057,1099626,88521376,work,2,True,2,work,21,13,9,WALK
708171013,2159057,1099626,88521376,work,1,False,2,shopping,17,21,18,DRIVEALONEFREE
708171014,2159057,1099626,88521376,work,2,False,2,Home,20,17,18,DRIVEALONEFREE
708171273,2159058,1099626,88521409,univ,1,True,1,univ,10,20,8,DRIVEALONEFREE
708171277,2159058,1099626,88521409,univ,1,False,1,Home,20,10,8,DRIVEALONEFREE
708171601,2159059,1099626,88521450,school,1,True,1,school,10,20,7,WALK
708171605,2159059,1099626,88521450,school,1,False,1,Home,20,10,15,WALK
728159001,2219996,1119939,91019875,work,1,True,1,work,1,16,8,WALK
728159005,2219996,1119939,91019875,work,1,False,1,Home,16,1,20,WALK
728159049,2219997,1119939,91019881,atwork,1,True,1,atwork,5,15,13,WALK
728159053,2219997,1119939,91019881,atwork,1,False,1,Work,15,5,13,WALK
728159329,2219997,1119939,91019916,work,1,True,1,work,15,16,7,WALK
728159333,2219997,1119939,91019916,work,1,False,1,Home,16,15,17,WALK
728159545,2219998,1119939,91019943,othdiscr,1,True,1,othdiscr,4,16,20,SHARED3FREE
728159549,2219998,1119939,91019943,othdiscr,1,False,1,Home,16,4,20,SHARED3FREE
728159593,2219998,1119939,91019949,school,1,True,1,school,18,16,8,WALK_LRF
728159597,2219998,1119939,91019949,school,1,False,1,Home,16,18,20,WALK_LRF
806388153,2458502,1173905,100798519,shopping,1,True,1,shopping,16,8,8,SHARED2FREE
806388157,2458502,1173905,100798519,shopping,1,False,1,Home,8,16,8,SHARED2FREE
806388225,2458500,1173905,100798528,othmaint,1,True,1,othmaint,16,8,12,WALK
806388229,2458500,1173905,100798528,othmaint,1,False,1,Home,8,16,20,WALK
806388401,2458501,1173905,100798550,escort,1,True,1,escort,22,8,15,DRIVEALONEFREE
806388405,2458501,1173905,100798550,escort,1,False,1,Home,8,22,16,DRIVEALONEFREE
806388905,2458502,1173905,100798613,school,1,True,1,school,8,8,14,WALK
806388909,2458502,1173905,100798613,school,1,False,3,eatout,4,8,15,WALK
806388910,2458502,1173905,100798613,school,2,False,3,othdiscr,13,4,14,WALK
806388911,2458502,1173905,100798613,school,3,False,3,Home,8,13,19,WALK
806389233,2458503,1173905,100798654,school,1,True,1,school,9,8,8,WALK
806389237,2458503,1173905,100798654,school,1,False,1,Home,8,9,16,WALK
841877257,2566698,1196298,105234657,work,1,True,1,work,22,25,6,WALK_LRF
841877261,2566698,1196298,105234657,work,1,False,1,Home,25,22,18,WALK_LOC
841877849,2566700,1196298,105234731,school,1,True,1,school,21,25,7,WALK_LOC
841877853,2566700,1196298,105234731,school,1,False,1,Home,25,21,15,WALK_LOC
841878177,2566701,1196298,105234772,school,1,True,1,school,25,25,7,WALK
841878181,2566701,1196298,105234772,school,1,False,1,Home,25,25,14,WALK
841878505,2566702,1196298,105234813,school,1,True,1,school,16,25,6,WALK_LOC
841878509,2566702,1196298,105234813,school,1,False,1,Home,25,16,10,WALK_LOC
943749401,2877284,1259353,117968675,univ,1,True,1,univ,10,10,15,WALK
943749405,2877284,1259353,117968675,univ,1,False,1,Home,10,10,15,WALK
943749465,2877284,1259353,117968683,work,1,True,2,escort,11,10,8,WALK
943749466,2877284,1259353,117968683,work,2,True,2,work,11,11,8,WALK
943749469,2877284,1259353,117968683,work,1,False,4,eatout,9,11,12,WALK
943749470,2877284,1259353,117968683,work,2,False,4,work,9,9,12,WALK
943749471,2877284,1259353,117968683,work,3,False,4,othmaint,5,9,12,WALK_LOC
943749472,2877284,1259353,117968683,work,4,False,4,Home,10,5,12,WALK
943750385,2877287,1259353,117968798,school,1,True,1,school,20,10,7,WALK
943750389,2877287,1259353,117968798,school,1,False,1,Home,10,20,12,WALK
963188601,2936550,1286259,120398575,othdiscr,1,True,1,othdiscr,9,8,14,WALK
963188605,2936550,1286259,120398575,othdiscr,1,False,1,Home,8,9,17,WALK
963188665,2936550,1286259,120398583,shopping,1,True,1,shopping,11,8,12,WALK
963188669,2936550,1286259,120398583,shopping,1,False,1,Home,8,11,13,WALK
963285425,2936845,1286554,120410678,shopping,1,True,3,othmaint,8,11,13,WALK
963285426,2936845,1286554,120410678,shopping,2,True,3,othmaint,6,8,13,WALK
963285427,2936845,1286554,120410678,shopping,3,True,3,shopping,11,6,14,SHARED2FREE
963285429,2936845,1286554,120410678,shopping,1,False,2,shopping,6,11,14,WALK
963285430,2936845,1286554,120410678,shopping,2,False,2,Home,11,6,15,SHARED2FREE
963285433,2936845,1286554,120410679,shopping,1,True,1,shopping,5,11,16,WALK
963285437,2936845,1286554,120410679,shopping,1,False,1,Home,11,5,17,WALK
963286193,2936848,1286557,120410774,eatout,1,True,1,eatout,9,11,14,WALK
963286197,2936848,1286557,120410774,eatout,1,False,1,Home,11,9,15,WALK
963286345,2936848,1286557,120410793,othdiscr,1,True,1,othdiscr,11,11,15,WALK
963286349,2936848,1286557,120410793,othdiscr,1,False,1,Home,11,11,16,WALK
969957321,2957186,1306895,121244665,work,1,True,1,work,1,7,9,WALK
969957325,2957186,1306895,121244665,work,1,False,1,Home,7,1,18,WALK
1004301497,3061894,1363467,125537687,shopping,1,True,1,shopping,23,24,12,WALK
1004301501,3061894,1363467,125537687,shopping,1,False,1,Home,24,23,13,WALK
1004301761,3061895,1363467,125537720,othdiscr,1,True,1,othdiscr,23,24,18,WALK_LRF
1004301765,3061895,1363467,125537720,othdiscr,1,False,1,Home,24,23,21,WALK_LOC
1004301873,3061895,1363467,125537734,work,1,True,1,work,22,24,8,DRIVE_LOC
1004301877,3061895,1363467,125537734,work,1,False,1,Home,24,22,18,DRIVE_LOC
1045822217,3188483,1402945,130727777,othdiscr,1,True,1,othdiscr,7,25,8,WALK
1045822221,3188483,1402945,130727777,othdiscr,1,False,1,Home,25,7,8,WALK
1045822297,3188482,1402945,130727787,othdiscr,1,True,1,othdiscr,1,25,15,WALK
1045822301,3188482,1402945,130727787,othdiscr,1,False,1,Home,25,1,23,WALK
1045822409,3188482,1402945,130727801,work,1,True,2,work,1,25,8,WALK
1045822410,3188482,1402945,130727801,work,2,True,2,work,13,1,9,WALK
1045822413,3188482,1402945,130727801,work,1,False,1,Home,25,13,13,WALK
1045822737,3188483,1402945,130727842,work,1,True,1,work,1,25,8,WALK
1045822741,3188483,1402945,130727842,work,1,False,1,Home,25,1,15,WALK
1045823001,3188484,1402945,130727875,univ,1,True,1,univ,12,25,18,WALK
1045823005,3188484,1402945,130727875,univ,1,False,2,shopping,5,12,22,WALK_LOC
1045823006,3188484,1402945,130727875,univ,2,False,2,Home,25,5,23,WALK_LOC
1045823065,3188484,1402945,130727883,work,1,True,1,work,15,25,8,WALK
1045823069,3188484,1402945,130727883,work,1,False,1,Home,25,15,15,WALK
1045823393,3188485,1402945,130727924,work,1,True,2,escort,25,25,12,WALK
1045823394,3188485,1402945,130727924,work,2,True,2,work,7,25,14,WALK
1045823397,3188485,1402945,130727924,work,1,False,1,Home,25,7,21,WALK
1060575585,3233462,1445222,132571948,eatout,1,True,1,eatout,16,17,14,WALK
1060575589,3233462,1445222,132571948,eatout,1,False,1,Home,17,16,15,WALK
1060575801,3233462,1445222,132571975,shopping,1,True,1,shopping,11,17,16,SHARED2FREE
1060575805,3233462,1445222,132571975,shopping,1,False,1,Home,17,11,17,SHARED2FREE
1060575809,3233462,1445222,132571976,shopping,1,True,1,shopping,13,17,20,BIKE
1060575813,3233462,1445222,132571976,shopping,1,False,1,Home,17,13,20,BIKE
1060575849,3233462,1445222,132571981,work,1,True,1,work,1,17,5,WALK_LRF
1060575853,3233462,1445222,132571981,work,1,False,1,Home,17,1,14,WALK_LRF
1091733225,3328454,1511177,136466653,work,1,True,1,work,4,8,8,WALK
1091733229,3328454,1511177,136466653,work,1,False,1,Home,8,4,17,WALK_LRF
1091770617,3328568,1511234,136471327,work,1,True,1,work,1,8,8,WALK_LRF
1091770621,3328568,1511234,136471327,work,1,False,1,Home,8,1,18,WALK_LRF
1091770681,3328569,1511234,136471335,eatout,1,True,1,eatout,8,8,14,WALK
1091770685,3328569,1511234,136471335,eatout,1,False,1,Home,8,8,16,WALK
1091770897,3328569,1511234,136471362,shopping,1,True,1,shopping,5,8,10,WALK
1091770901,3328569,1511234,136471362,shopping,1,False,2,eatout,7,5,10,WALK
1091770902,3328569,1511234,136471362,shopping,2,False,2,Home,8,7,10,WALK
1146269081,3494722,1594311,143283635,shopping,1,True,1,shopping,16,6,11,WALK
1146269085,3494722,1594311,143283635,shopping,1,False,1,Home,6,16,11,WALK
1146269345,3494723,1594311,143283668,othdiscr,1,True,1,othdiscr,7,6,11,WALK
1146269349,3494723,1594311,143283668,othdiscr,1,False,1,Home,6,7,12,WALK
1146269369,3494723,1594311,143283671,othmaint,1,True,1,othmaint,14,6,12,WALK
1146269373,3494723,1594311,143283671,othmaint,1,False,3,escort,9,14,12,WALK_LOC
1146269374,3494723,1594311,143283671,othmaint,2,False,3,eatout,7,9,12,WALK_LOC
1146269375,3494723,1594311,143283671,othmaint,3,False,3,Home,6,7,13,WALK
1146386553,3495080,1594490,143298319,work,1,True,1,work,2,9,8,WALK_LRF
1146386557,3495080,1594490,143298319,work,1,False,1,Home,9,2,17,WALK_LRF
1146386561,3495080,1594490,143298320,work,1,True,1,work,2,9,18,WALK
1146386565,3495080,1594490,143298320,work,1,False,1,Home,9,2,18,WALK
1146386881,3495081,1594490,143298360,work,1,True,1,work,2,9,9,WALK_LRF
1146386885,3495081,1594490,143298360,work,1,False,1,Home,9,2,20,WALK_LRF
1146472377,3495342,1594621,143309047,othdiscr,1,True,1,othdiscr,11,10,17,WALK
1146472381,3495342,1594621,143309047,othdiscr,1,False,1,Home,10,11,20,SHARED3FREE
1146472489,3495342,1594621,143309061,work,1,True,1,work,2,10,7,WALK_LRF
1146472493,3495342,1594621,143309061,work,1,False,1,Home,10,2,17,WALK_LRF
1146472537,3495343,1594621,143309067,atwork,1,True,4,othmaint,2,4,11,WALK
1146472538,3495343,1594621,143309067,atwork,2,True,4,shopping,2,2,11,WALK
1146472539,3495343,1594621,143309067,atwork,3,True,4,escort,5,2,11,WALK
1146472540,3495343,1594621,143309067,atwork,4,True,4,atwork,16,5,11,WALK
1146472541,3495343,1594621,143309067,atwork,1,False,1,Work,4,16,13,WALK
1146472817,3495343,1594621,143309102,work,1,True,1,work,4,10,8,WALK_LRF
1146472821,3495343,1594621,143309102,work,1,False,1,Home,10,4,13,WALK
1179607441,3596364,1645132,147450930,eatout,1,True,1,eatout,5,9,14,WALK
1179607445,3596364,1645132,147450930,eatout,1,False,1,Home,9,5,14,WALK
1179607657,3596364,1645132,147450957,shopping,1,True,1,shopping,25,9,19,WALK
1179607661,3596364,1645132,147450957,shopping,1,False,1,Home,9,25,20,WALK
1179608009,3596365,1645132,147451001,social,1,True,1,social,9,9,7,WALK
1179608013,3596365,1645132,147451001,social,1,False,1,Home,9,9,18,WALK
1276281769,3891102,1747467,159535221,work,1,True,1,work,16,16,10,WALK
1276281773,3891102,1747467,159535221,work,1,False,1,Home,16,16,17,WALK
1276282049,3891103,1747467,159535256,shopping,1,True,1,shopping,16,16,13,WALK
1276282053,3891103,1747467,159535256,shopping,1,False,1,Home,16,16,15,WALK
1276282313,3891104,1747467,159535289,othdiscr,1,True,1,othdiscr,10,16,15,WALK
1276282317,3891104,1747467,159535289,othdiscr,1,False,1,Home,16,10,15,WALK
1276282321,3891104,1747467,159535290,othdiscr,1,True,1,othdiscr,12,16,16,WALK
1276282325,3891104,1747467,159535290,othdiscr,1,False,1,Home,16,12,22,WALK
1276282361,3891104,1747467,159535295,school,1,True,1,school,8,16,7,WALK_LOC
1276282365,3891104,1747467,159535295,school,1,False,1,Home,16,8,15,WALK_LOC
1368289969,4171615,1810015,171036246,univ,1,True,1,univ,13,16,16,WALK
1368289973,4171615,1810015,171036246,univ,1,False,1,Home,16,13,21,WALK_LOC
1368290273,4171616,1810015,171036284,othmaint,1,True,1,othmaint,16,16,9,SHARED2FREE
1368290277,4171616,1810015,171036284,othmaint,1,False,1,Home,16,16,11,SHARED2FREE
1368290689,4171617,1810015,171036336,work,1,True,1,work,2,16,7,WALK
1368290693,4171617,1810015,171036336,work,1,False,1,Home,16,2,18,WALK
1368291297,4171619,1810015,171036412,shopping,1,True,1,shopping,16,16,13,WALK
1368291301,4171619,1810015,171036412,shopping,1,False,2,shopping,16,16,14,WALK
1368291302,4171619,1810015,171036412,shopping,2,False,2,Home,16,16,15,WALK
1368291609,4171620,1810015,171036451,school,1,True,1,school,11,16,6,WALK
1368291613,4171620,1810015,171036451,school,1,False,1,Home,16,11,13,WALK
1368292281,4171622,1810015,171036535,shopping,1,True,1,shopping,23,16,9,WALK
1368292285,4171622,1810015,171036535,shopping,1,False,1,Home,16,23,15,WALK
1368292377,4171623,1810015,171036547,atwork,1,True,1,atwork,15,12,10,SHARED3FREE
1368292381,4171623,1810015,171036547,atwork,1,False,1,Work,12,15,10,SHARED3FREE
1368292657,4171623,1810015,171036582,work,1,True,1,work,12,16,6,WALK
1368292661,4171623,1810015,171036582,work,1,False,1,Home,16,12,15,WALK
1582205641,4823797,1952792,197775705,othmaint,1,True,1,othmaint,14,14,17,WALK
1582205645,4823797,1952792,197775705,othmaint,1,False,1,Home,14,14,19,WALK
1582205729,4823797,1952792,197775716,work,1,True,1,work,14,14,9,WALK
1582205733,4823797,1952792,197775716,work,1,False,1,Home,14,14,17,WALK
1658748793,5057160,2048204,207343599,work,1,True,1,work,4,5,7,WALK
1658748797,5057160,2048204,207343599,work,1,False,1,Home,5,4,16,WALK
1658806913,5057338,2048382,207350864,eatout,1,True,1,eatout,10,7,21,WALK_LRF
1658806917,5057338,2048382,207350864,eatout,1,False,1,Home,7,10,22,WALK_LOC
1658807089,5057338,2048382,207350886,othmaint,1,True,1,othmaint,10,7,17,WALK_LOC
1658807093,5057338,2048382,207350886,othmaint,1,False,1,Home,7,10,20,WALK_LOC
1658807129,5057338,2048382,207350891,shopping,1,True,1,shopping,11,7,21,WALK
1658807133,5057338,2048382,207350891,shopping,1,False,1,Home,7,11,21,WALK
1658807153,5057338,2048382,207350894,social,1,True,1,social,12,7,17,WALK
1658807157,5057338,2048382,207350894,social,1,False,1,Home,7,12,17,WALK
1658807177,5057338,2048382,207350897,work,1,True,1,work,6,7,7,WALK_LOC
1658807181,5057338,2048382,207350897,work,1,False,1,Home,7,6,17,WALK
1658947233,5057765,2048809,207368404,work,1,True,1,work,9,11,7,WALK_LOC
1658947237,5057765,2048809,207368404,work,1,False,2,othdiscr,10,9,18,WALK_LOC
1658947238,5057765,2048809,207368404,work,2,False,2,Home,11,10,19,WALK
1766872681,5386806,2222549,220859085,work,1,True,1,work,10,7,7,WALK
1766872685,5386806,2222549,220859085,work,1,False,1,Home,7,10,18,WALK
1766872897,5386807,2222549,220859112,othdiscr,1,True,1,othdiscr,16,7,13,WALK
1766872901,5386807,2222549,220859112,othdiscr,1,False,1,Home,7,16,16,WALK
1766872921,5386807,2222549,220859115,othmaint,1,True,1,othmaint,4,7,12,BIKE
1766872925,5386807,2222549,220859115,othmaint,1,False,1,Home,7,4,12,BIKE
1767013721,5387236,2222764,220876715,work,1,True,1,work,1,9,7,SHARED2FREE
1767013725,5387236,2222764,220876715,work,1,False,2,shopping,11,1,16,WALK_LRF
1767013726,5387236,2222764,220876715,work,2,False,2,Home,9,11,16,WALK
1767013785,5387237,2222764,220876723,eatout,1,True,1,eatout,6,9,7,WALK
1767013789,5387237,2222764,220876723,eatout,1,False,1,Home,9,6,10,WALK
1767182857,5387752,2223022,220897857,othdiscr,1,True,1,othdiscr,10,9,12,WALK
1767182861,5387752,2223022,220897857,othdiscr,1,False,1,Home,9,10,16,WALK
1767182865,5387752,2223022,220897858,othdiscr,1,True,1,othdiscr,13,9,17,WALK_LRF
1767182869,5387752,2223022,220897858,othdiscr,1,False,1,Home,9,13,22,WALK_LRF
1767182945,5387752,2223022,220897868,social,1,True,1,social,17,9,16,WALK_LRF
1767182949,5387752,2223022,220897868,social,1,False,1,Home,9,17,17,WALK_LRF
1767183169,5387753,2223022,220897896,atwork,1,True,1,atwork,13,15,11,WALK
1767183173,5387753,2223022,220897896,atwork,1,False,2,eatout,24,13,16,WALK
1767183174,5387753,2223022,220897896,atwork,2,False,2,Work,15,24,16,WALK
1767183297,5387753,2223022,220897912,work,1,True,1,work,15,9,8,SHARED2FREE
1767183301,5387753,2223022,220897912,work,1,False,1,Home,9,15,17,WALK_LRF
1767186249,5387762,2223027,220898281,work,1,True,1,work,4,9,7,WALK
1767186253,5387762,2223027,220898281,work,1,False,1,Home,9,4,20,WALK_LRF
1767186577,5387763,2223027,220898322,work,1,True,1,work,14,9,7,WALK_LRF
1767186581,5387763,2223027,220898322,work,1,False,1,Home,9,14,16,WALK_LRF
1767666161,5389226,2223759,220958270,atwork,1,True,1,atwork,13,14,13,WALK
1767666165,5389226,2223759,220958270,atwork,1,False,1,Work,14,13,13,WALK
1767666233,5389226,2223759,220958279,eatout,1,True,1,eatout,5,16,18,WALK
1767666237,5389226,2223759,220958279,eatout,1,False,1,Home,16,5,18,WALK
1767666441,5389226,2223759,220958305,work,1,True,1,work,14,16,7,WALK
1767666445,5389226,2223759,220958305,work,1,False,1,Home,16,14,17,WALK_LOC
1767666769,5389227,2223759,220958346,work,1,True,1,work,23,16,7,WALK
1767666773,5389227,2223759,220958346,work,1,False,1,Home,16,23,18,WALK
1768236897,5390966,2224629,221029612,eatout,1,True,1,eatout,25,17,21,WALK
1768236901,5390966,2224629,221029612,eatout,1,False,1,Home,17,25,21,WALK
1768237161,5390966,2224629,221029645,work,1,True,1,work,15,17,7,WALK
1768237165,5390966,2224629,221029645,work,1,False,1,Home,17,15,19,WALK
1768237489,5390967,2224629,221029686,work,1,True,1,work,9,17,8,WALK_LRF
1768237493,5390967,2224629,221029686,work,1,False,1,Home,17,9,20,WALK_LRF
2396217321,7305540,2727273,299527165,othdiscr,1,True,1,othdiscr,9,20,16,WALK
2396217325,7305540,2727273,299527165,othdiscr,1,False,1,Home,20,9,19,WALK
2396217433,7305540,2727273,299527179,work,1,True,1,work,14,20,8,WALK
2396217437,7305540,2727273,299527179,work,1,False,1,Home,20,14,15,WALK
2396217761,7305541,2727273,299527220,work,1,True,1,work,13,20,12,WALK_LOC
2396217765,7305541,2727273,299527220,work,1,False,1,Home,20,13,22,WALK_LRF
2444719729,7453413,2762078,305589966,shopping,1,True,1,shopping,2,20,16,SHARED2FREE
2444719733,7453413,2762078,305589966,shopping,1,False,1,Home,20,2,16,SHARED2FREE
2463663417,7511168,2819833,307957927,work,1,True,1,work,6,6,8,WALK
2463663421,7511168,2819833,307957927,work,1,False,1,Home,6,6,16,WALK
2463971785,7512109,2820774,307996473,atwork,1,True,1,atwork,9,13,10,WALK
2463971789,7512109,2820774,307996473,atwork,1,False,2,work,7,9,10,WALK
2463971790,7512109,2820774,307996473,atwork,2,False,2,Work,13,7,10,WALK
2463972065,7512109,2820774,307996508,work,1,True,1,work,13,8,7,WALK_LOC
2463972069,7512109,2820774,307996508,work,1,False,1,Home,8,13,19,WALK
2464104641,7512514,2821179,308013080,eatout,1,True,1,eatout,5,8,9,WALK
2464104645,7512514,2821179,308013080,eatout,1,False,1,Home,8,5,9,WALK
2464104857,7512514,2821179,308013107,shopping,1,True,1,shopping,11,8,17,WALK
2464104861,7512514,2821179,308013107,shopping,1,False,1,Home,8,11,19,WALK
2464104881,7512514,2821179,308013110,social,1,True,1,social,24,8,10,WALK_LOC
2464104885,7512514,2821179,308013110,social,1,False,1,Home,8,24,12,WALK_LOC
2464131801,7512596,2821261,308016475,work,1,True,1,work,9,8,12,WALK
2464131805,7512596,2821261,308016475,work,1,False,1,Home,8,9,21,WALK
2464406009,7513432,2822097,308050751,work,1,True,1,work,22,8,5,WALK_LRF
2464406013,7513432,2822097,308050751,work,1,False,1,Home,8,22,14,WALK_LRF
2464443401,7513546,2822211,308055425,work,1,True,1,work,9,8,12,WALK
2464443405,7513546,2822211,308055425,work,1,False,1,Home,8,9,20,WALK
2464446025,7513554,2822219,308055753,work,1,True,1,work,9,8,9,WALK
2464446029,7513554,2822219,308055753,work,1,False,1,Home,8,9,19,WALK_LOC
2464449633,7513565,2822230,308056204,work,1,True,2,work,2,8,8,WALK
2464449634,7513565,2822230,308056204,work,2,True,2,work,7,2,8,WALK_LOC
2464449637,7513565,2822230,308056204,work,1,False,2,escort,8,7,11,WALK
2464449638,7513565,2822230,308056204,work,2,False,2,Home,8,8,13,WALK
2467713777,7523517,2832182,308464222,othdiscr,1,True,1,othdiscr,5,7,8,WALK
2467713781,7523517,2832182,308464222,othdiscr,1,False,1,Home,7,5,13,WALK
2467756745,7523648,2832313,308469593,othdiscr,1,True,1,othdiscr,9,10,7,WALK
2467756749,7523648,2832313,308469593,othdiscr,1,False,1,Home,10,9,15,WALK
2472945097,7539466,2848131,309118137,univ,1,True,1,univ,13,3,7,WALK
2472945101,7539466,2848131,309118137,univ,1,False,1,Home,3,13,13,WALK_LOC
2472945113,7539466,2848131,309118139,shopping,1,True,1,shopping,16,3,18,WALK
2472945117,7539466,2848131,309118139,shopping,1,False,1,Home,3,16,18,WALK
2473024473,7539708,2848373,309128059,univ,1,True,1,univ,12,18,8,WALK_LOC
2473024477,7539708,2848373,309128059,univ,1,False,1,Home,18,12,15,WALK_LOC
